TrainScore,TestScore,TestScoreinc,TimeScore
0.173731145,0.195579803,0.207026567,0.047692798
0.260635349,0.305116773,0.249701169,0.047692798
0.186733795,0.229515076,0.215558911,0.047692798
