TrainScore,TestScore,TestScoreinc,TimeScore
0.1768984,0.193153449,0.211120148,0.144019261
0.256963947,0.314264322,0.261292641,0.144019261
0.186151637,0.221303425,0.22850652,0.144019261
